{"cameraMode":{"drawMode":0,"name":"Shaded","section":"Shading Mode"},"sceneLighting":true,"audioPlay":false,"sceneViewState":{"m_AlwaysRefresh":false,"showFog":true,"showSkybox":true,"showFlares":true,"showImageEffects":true,"showParticleSystems":true,"showVisualEffectGraphs":true,"m_FxEnabled":true},"in2DMode":false,"pivot":{"x":2.165581703186035,"y":-11.206313133239746,"z":26.15044403076172},"rotation":{"x":-0.20776315033435822,"y":-0.06544984877109528,"z":0.013793610036373139,"w":-0.9761119484901428},"size":18.46760368347168,"orthographic":false}